/area-clienti/promozioni/we-care-easy	/promozioni/promozione-we-care-easy-50.html
/promozione-ruote-pneumatici	/promozioni/promozione-pneumatici.html
/we-care-easy	/piani-di-manutenzione-we-care/we-care-easy.html
/we-care-essential-additional	/piani-di-manutenzione-we-care/we-care-essential-and-additional.html
/piani-di-manutenzione/faq-we-care-easy	/piani-di-manutenzione-we-care/faq-we-care-easy.html
/piani-di-manutenzione/faq-we-care-essential-ed-additional	/piani-di-manutenzione-we-care/faq-we-care-essential-ed-addictional.html
/piani-di-manutenzione/promozione-manutenzione-flotte-volkswagen-business	/service-flotte/promozione-manutenzione-flotte-volkswagen-business.html
/promozione-we-care-essential-additional-flotte	/service-flotte/promozione-manutenzione-flotte-volkswagen-business/promozione-we-care-essential-ed-additional.html
/i-nostri-servizi	/servizi.html
/area-clienti/service/piani-di-manutenzione-we-care	/piani-di-manutenzione-we-care.html
/informativa-privacy-servizi/.*	/informativa-privacy-servizi.html
/piani-di-manutenzione/.*	/piani-di-manutenzione-we-care.html
/programmi-di-manutenzione/.*	/piani-di-manutenzione-we-care.html
/eventi-e-news	/
/eventi-e-news/.*	/
